tenure,monthly_charges,contract_type,internet_service,payment_method,senior_citizen,churn
27.592348438162738,42.58762823966887,2,1,2,1,0
68.50071575510405,76.48059000094403,2,0,3,0,0
52.97156986860976,107.92985440825879,2,0,3,1,0
43.5047523779896,94.56136420890832,1,2,0,0,0
12.077323471412992,101.62330904683772,1,2,2,0,0
12.075610943870387,87.58441983751814,1,0,2,1,0
5.123936463942162,90.76627362919598,2,0,3,0,1
62.4985063500204,105.67358689870534,1,0,0,0,0
43.679165833767826,48.718460841622665,0,1,2,0,1
51.27315302351923,71.49537154609834,0,1,3,0,0
2.4614990950019737,46.01489697286221,1,1,1,0,0
69.8635995035016,118.82846075968146,0,0,0,0,0
60.103427496829944,114.68563727022826,0,2,1,1,1
16.076076858157606,28.74554708000806,2,0,0,0,0
13.909572671704144,92.0296413889904,1,1,3,1,0
14.021720199593801,112.89859015448825,1,1,2,1,0
22.601199250127177,42.15465778709668,2,0,2,0,0
38.25770664588889,78.9547969024998,0,0,2,1,1
31.66809632359022,111.97138827086397,0,1,0,1,1
21.677268954060978,28.22486796565089,1,1,3,0,1
44.44155552528894,91.25492538844979,0,1,1,0,1
10.904064106294971,53.248155700392324,2,0,3,0,1
21.74227004600049,112.81763856077039,2,1,1,1,0
27.01169087385211,117.25053329070994,1,1,0,1,0
33.38096887940955,114.70531646577622,2,2,0,0,1
56.747493258903965,70.05035058245906,2,0,1,0,0
15.176838533243542,106.89405184398477,1,2,1,1,0
37.51064512736642,105.23219286083169,2,2,1,1,0
43.06143438920502,55.31454495810928,2,1,3,1,0
4.297979303119838,103.74697004431435,2,0,1,1,1
44.13568448500212,28.515725297971798,0,1,0,0,0
13.107212781797699,81.64563845579504,1,0,0,1,1
5.618663101954846,46.85083954233179,1,2,2,1,0
68.37087314498666,36.45385414884149,1,0,1,1,0
69.55987434829372,32.31055415477487,0,1,3,1,0
58.39621171626874,91.14743370842328,0,1,3,0,1
22.62757761130932,57.288121557966285,1,1,3,0,0
7.9347200944532545,93.85284329523233,0,0,2,1,1
49.58054488236314,31.208852375899525,1,2,0,1,0
32.25082705551169,54.95258209390798,0,2,3,0,1
9.664714673979297,76.25167277565703,2,0,0,0,0
36.15756061790018,100.11870065970153,2,1,2,1,0
3.441584999180506,55.28148777854664,1,2,1,1,1
65.56174854759352,84.45968076151587,0,1,1,0,1
19.3733786936012,109.16788608243778,0,0,1,0,0
48.03908218913272,83.50700287731894,2,1,3,0,1
23.131486402348177,47.13115010159521,2,2,1,0,1
37.924829503624565,27.318074247871113,0,2,3,0,1
39.81642983337286,107.65939302058834,0,1,2,0,1
14.12466634231242,27.02059403078678,0,0,2,1,1
69.84050857128366,108.09665890499895,0,1,3,0,1
56.034430458639136,75.24902773258515,0,0,0,0,1
67.70442485105742,114.21143135872514,0,1,1,0,1
64.53274188036306,100.88440739849821,1,2,1,0,0
43.45089849558705,119.80374050066706,0,0,1,1,0
66.4530706866413,58.317622467912464,2,0,3,1,0
7.282967645686284,97.88288744845705,1,0,2,0,1
14.914783231759309,63.183436792878005,0,2,1,1,1
4.211137512648203,70.58818392887133,2,1,2,1,0
24.09845348419177,84.61301900574516,1,2,1,1,1
28.596087567953223,107.99932584770218,2,0,1,1,1
20.26578125594661,118.48792957393303,0,1,3,1,0
59.84036314978698,97.98597431712923,0,2,0,1,1
26.32948619524484,64.6878443058967,0,0,3,0,1
20.946350187804033,65.02891521632166,0,0,1,0,1
39.53142190423564,95.07031865094469,1,2,1,0,0
11.005619973208148,47.68382884798872,1,2,0,0,1
57.95598563353682,35.49504074748249,2,2,2,0,0
6.293095701263728,58.68910497587377,0,0,2,1,1
71.06897249863673,52.287704207137764,2,2,1,0,1
55.82937862006268,53.14927144331906,1,0,2,0,1
15.10881338892624,47.192736349741445,0,2,1,1,0
1.3920703157757703,28.99885301545438,0,0,0,1,1
58.89776142029323,26.698023799674313,1,0,0,0,0
51.18687141318082,118.833627024923,1,1,1,1,0
52.7595089309101,65.63844770490692,1,2,0,1,1
55.76019461470215,61.51103148016976,1,2,3,1,1
6.2571702731204155,89.56649185584163,1,0,3,1,1
26.451066726643354,45.73411934718109,0,0,0,0,0
9.22670322628421,115.24631247527141,1,0,1,1,1
62.28034323716714,99.70277636947745,0,1,1,0,1
45.25416700475661,33.494045219664656,0,1,0,0,1
24.49375976453809,64.6701736995682,1,0,2,1,0
5.512642870307678,108.51623921840564,1,2,3,1,1
23.079744841812015,114.74954211768397,0,2,2,1,1
24.08801586389904,69.40314356873762,1,1,1,0,1
52.80203866200255,83.27408197501722,1,1,1,1,0
46.266580466220134,40.86822487874714,1,0,2,1,1
63.99210472291919,119.16101948301277,2,2,0,1,0
34.5272596864984,47.00881163142712,0,0,2,1,1
9.49119146161942,114.55951854283694,2,1,2,1,0
51.64037989283265,86.716431654275,1,2,3,0,0
55.01573845179972,82.73499551349161,2,2,3,1,1
40.850681027434234,73.70540854656832,1,1,2,1,0
55.73866977677383,46.91363211318708,2,0,2,1,1
36.059487341871744,41.770163040523286,1,0,1,0,0
38.114030886121576,45.94618986166666,2,2,3,1,0
31.355412303457022,42.71163490370418,2,1,3,0,0
2.8047579988307585,99.06052498884156,2,2,1,0,1
8.660291316524617,58.26189962083936,0,1,0,1,1
3.231472183758132,30.495054273522655,2,0,3,1,1
46.18513919972841,117.06474986337707,0,1,3,1,1
23.319274656419193,108.95965907152544,1,0,0,0,0
37.108519072693895,113.13646690354523,2,1,3,0,0
65.4372196487526,119.51624315141136,1,2,3,0,1
18.699748269570122,41.52004867585129,1,0,0,0,0
30.137187535529712,62.64299179575258,2,2,0,0,1
54.64413083655646,97.03265519188868,0,2,2,0,0
17.244669749905196,91.12195871511027,2,0,1,1,1
6.465573597844302,39.62011110228623,1,0,1,1,1
21.57235315687753,102.50414687410868,1,2,0,0,0
12.446711395034313,46.321854324482764,2,2,0,1,1
67.00853331632268,46.2626734081492,0,2,3,1,0
58.37654694907361,76.0125701748743,0,2,2,0,1
45.971666712240065,81.3292938099618,1,0,2,0,0
62.873701903327955,80.10818974459207,1,0,0,1,1
58.06071745983713,33.691249552786715,0,2,3,0,1
14.246474180908544,108.35878194988614,2,1,3,0,0
64.37168889278843,50.23200404592708,1,1,1,1,0
39.2932991760112,37.303917521866396,0,0,1,0,0
58.32825101664844,109.43106758755283,1,2,3,1,0
64.62248229456802,115.78689233182656,2,2,1,1,1
23.578246723002334,106.90212364021781,0,0,0,1,1
8.81368664146505,101.90402709886342,1,1,3,1,1
17.183396540477858,87.24798816070707,2,1,1,1,0
31.3246529924642,77.33145020786824,1,1,2,0,0
59.079048380497014,33.263742191583965,2,0,3,0,1
62.11187141120038,63.80305524171638,2,1,3,0,1
1.4936012677145398,60.40540911616983,0,0,2,0,1
37.263058483007164,49.67660945723099,2,0,0,1,0
30.63618122356331,93.72491080041557,1,2,2,1,0
16.769654543421847,72.10819483248324,2,1,3,0,1
9.510441080691479,32.699390511226554,2,0,0,1,1
24.970677169657584,45.91740418523207,0,1,1,0,1
67.94658897778886,89.90958254766161,2,1,1,0,0
23.947408173473622,32.232431651578516,2,2,1,0,1
37.834134143778996,105.86465683463302,1,1,3,1,1
50.914346081557625,72.03892006632756,0,2,2,1,1
26.817701768929872,70.65572484603156,0,0,0,1,0
69.99652787318821,81.27873954265417,0,1,1,1,1
69.3337579408899,103.34469176288917,2,0,0,0,0
18.876543003600855,58.04187475070834,0,1,3,1,1
36.30464391835937,89.41153449311103,2,0,1,1,0
22.362359996990644,78.74453657960015,2,1,3,1,0
21.2236751008002,50.36768566609503,1,1,2,0,0
3.6189732621718287,108.46984870374001,1,1,3,0,0
44.279067712572676,100.75547205265816,1,1,3,1,1
36.69021064924917,87.55292429255041,1,1,2,1,0
4.6549913387492445,105.80526426395298,1,1,0,1,0
20.783898960799412,107.39294909118122,2,1,2,1,0
65.48687790363242,92.2944827879283,2,1,2,0,0
18.00889423735504,104.51626619454885,0,1,3,1,0
11.28753591847684,91.25978885858194,2,0,0,1,1
35.751145979706976,89.61337331722854,2,2,1,1,0
70.98118224185265,83.76808093044251,1,1,2,0,0
18.18592427731653,96.50808075797592,2,2,0,0,0
48.72162386581738,40.067485002842005,1,1,2,1,1
55.074992688338945,108.6827221238982,0,1,2,1,1
17.872265623460375,107.82513513579704,0,0,2,1,1
52.70336075144203,27.77849188828312,2,0,2,1,0
27.112602423066978,103.45259130365245,0,2,3,1,0
45.89371397214414,37.24263740997729,2,0,0,0,0
45.98060946402352,56.83629115461848,0,0,0,0,0
39.04000256930785,95.63328434770274,1,2,0,0,0
7.41057367386299,40.27219012458928,1,0,2,1,1
60.3064771868359,102.70686729131091,1,1,3,0,0
23.775384612993243,104.05274690598549,1,2,2,0,0
14.24281423838965,73.20943470727944,2,2,2,0,0
3.895035050388238,25.60665781309919,0,1,0,1,1
42.95339896636517,52.26862265161671,2,0,2,1,1
49.10706969080205,83.6080572456955,1,2,1,0,0
2.177735853877787,118.21268691260524,2,2,2,1,0
37.35860713924895,85.02228506658349,0,1,1,0,1
17.081200039053595,49.68134020109518,2,1,2,0,0
46.80726811907094,85.23054179446308,0,0,3,0,1
13.380016459354392,76.29861107300627,2,2,3,0,1
50.05657940527508,99.08531253935864,0,0,0,1,1
28.458209587338157,35.16316068856105,0,0,2,1,1
67.50782920030815,97.29765073769266,1,1,1,1,0
10.76398703436552,76.42032497423048,0,2,1,1,1
25.215710924568356,116.4842403666045,1,2,2,0,0
9.056620008081824,57.47785577367518,1,2,1,1,1
66.65324689777796,85.09907984772508,1,1,3,0,0
63.291094090049654,113.54267002345166,2,1,1,1,0
19.31385556777605,34.73842415911453,2,1,0,1,1
47.858867268426714,114.03670628746286,2,1,3,1,0
59.022776214286324,90.34914361857727,2,1,3,0,0
40.419257623561826,31.44452061499133,0,2,3,0,1
38.60519106327646,53.59153885994755,0,0,2,0,1
18.17151265393207,92.27634842130175,2,2,2,0,0
7.610296514218844,31.398307139533312,0,0,3,1,1
64.70231881468621,80.30619371674595,0,1,2,0,1
64.92968205859646,57.85889041053089,1,0,1,0,0
45.95020346640202,83.98697418791033,1,2,2,1,0
25.071115164457748,29.34549321218872,1,2,2,1,1
25.793879797498924,107.79599658447574,1,0,3,0,1
52.542853199787,117.4814520718527,0,1,0,1,0
64.69482845663298,117.0433962521407,2,1,0,0,0
63.983136122823325,96.21692401557785,0,2,0,1,1
56.371163755891295,37.35819281241004,0,0,1,0,1
46.58424687695443,97.03500361325715,0,1,2,0,1
6.973937514648467,27.335757063586144,1,1,0,0,1
12.475638700717578,27.101737395254737,1,2,3,0,1
64.79734738542263,55.74297081920642,1,1,0,0,0
44.05646323583088,71.42110308844325,2,0,0,1,0
1.652990664780705,98.18870469174036,0,2,2,0,1
8.20447954348828,89.913060777618,2,2,2,0,0
48.108625606671964,67.3607571057911,1,0,2,0,0
1.3593724530815268,50.99453329675826,2,2,1,0,0
12.417371650642405,119.72682751498256,0,1,1,0,1
39.96009904502761,65.48722371241743,0,1,0,1,0
50.12455903618122,67.88176731131918,1,0,2,1,1
47.28924942468464,40.54426301320857,1,1,0,0,1
16.923120971699745,100.5069071312433,2,0,3,1,0
51.56472471567505,90.89981144924143,1,0,3,0,0
17.844685212272804,45.97311321493224,1,1,2,1,0
24.10337856930801,32.82619933350506,0,0,2,1,1
54.00088976337972,89.64743369709774,1,1,3,0,0
47.12393583235224,87.17856535670785,1,2,2,1,1
61.29486214508663,50.95965506482989,0,2,1,1,1
47.69051535332438,115.33203841378898,0,0,1,0,1
41.34991083681849,39.35049971918552,2,1,2,0,0
7.6509085157945655,66.07180609904718,1,1,3,1,1
27.10782201721978,114.64351241592189,0,2,0,1,1
19.82936810540251,64.87409510798162,2,2,2,1,1
18.323264679914935,85.65996502808812,2,1,2,0,0
70.08374938742364,62.77146780646546,1,0,0,1,1
28.90993845133999,51.05044422312365,1,2,2,1,1
64.33530541757504,118.47787655618369,2,0,0,1,1
45.81084244580566,63.88673059992909,0,0,3,0,1
57.43160255145704,109.93942434951776,2,2,1,0,1
36.68723361046864,46.845687559653186,1,0,3,0,0
41.9601758084715,45.24494688238291,0,0,1,0,1
35.96875626113934,27.95773787402858,0,1,0,1,1
14.86225213366116,86.90834841070908,2,0,1,0,0
52.294100183566876,60.01000265375731,1,1,3,1,0
20.93483773330076,107.11403373476551,2,2,1,1,0
2.726433616633223,69.95494113569794,2,2,0,1,1
46.828533009408915,116.97837565189856,2,1,1,1,1
13.574858237900475,42.62492399179651,0,2,2,0,1
67.77255948905692,107.51920095578302,0,0,3,0,1
68.7289289671837,98.77670101521547,1,0,2,0,0
65.95537170565184,98.23757524118494,1,0,0,0,0
27.28126771813655,105.25440667110433,2,2,1,0,1
2.0974197735495874,97.29727913958489,2,0,2,1,1
66.9106179437285,84.49093055498446,2,2,2,0,0
31.401074530529318,37.46826337982682,1,0,1,0,1
69.63249215210054,28.08998705166893,0,1,1,0,0
69.41701837333696,112.48054554249025,0,2,3,0,0
61.563671338182566,83.5817798794701,2,2,2,1,1
21.905871336940585,100.67104264273675,2,0,2,1,0
28.341938730736693,70.74462339369225,2,2,0,1,0
61.43070367769684,36.144277951427476,2,2,3,1,0
23.501462366095716,36.89265025924229,1,1,0,1,1
13.033985014712567,90.12870228675229,0,1,2,0,1
40.53288963454286,65.87906001544896,2,0,0,1,0
67.46698896541545,44.04984903653199,1,1,2,1,0
50.41811556392308,71.70148194043651,2,0,2,1,0
41.474343076344915,31.09984902213774,2,0,0,0,0
7.899531057724566,80.28728318186788,0,0,0,0,0
44.66551309564105,50.554373421334276,2,2,1,1,0
71.29382335740269,100.76811456053288,0,1,1,0,0
10.945965081793206,54.48438609773951,0,0,1,0,1
37.801405317825306,68.24591416277111,0,1,2,1,1
63.29348810688484,26.10395129126956,1,0,0,0,0
53.59457186054851,31.882454340483093,1,1,3,0,0
50.48811761066403,62.286887858635055,0,1,2,0,1
50.876369963084755,70.59418929812674,2,0,3,1,1
26.523871736602615,82.00195207133385,0,2,0,1,1
21.84502094277903,52.707944977383804,2,1,2,1,0
58.46464203897447,91.02327918202154,0,2,3,0,1
58.51805102222183,106.71162773297443,2,2,3,1,1
62.56213461918736,99.08584394486823,1,0,1,0,1
65.84007923150946,28.76378840809393,2,0,1,0,1
37.30531031912658,70.64815998949375,0,0,1,0,0
36.60765692279117,34.968366949726615,1,1,2,1,0
57.678957706641036,47.99427650694011,2,0,0,1,1
47.14743908522133,118.73294636037892,2,0,0,1,0
50.83964828529694,38.53707657564376,2,1,1,1,1
57.50127952996318,72.39437457787884,2,1,1,0,1
64.19037926904721,83.72479476022131,2,0,1,1,0
24.997656136459042,91.73417220168987,1,0,3,0,1
27.666389637436026,78.16662493125685,1,0,1,1,1
7.6727177287016985,25.928230504822448,1,0,3,1,1
42.05789001072835,56.01382428317923,1,2,0,1,1
3.551901439568688,74.1826061215476,0,2,2,0,1
34.05745928740467,33.34731741875917,1,0,2,0,0
39.52776906423794,58.309558464872175,2,2,2,0,0
21.34442890110819,28.154295335179825,2,1,2,0,0
42.94916150039976,32.46495722972697,1,2,3,0,1
3.1655177456725094,62.70771123915163,2,2,3,1,0
3.651721401194224,37.60799663409073,1,0,1,0,0
59.40463980683574,78.91638058484801,2,2,3,0,0
26.573535540199664,90.49917206804024,0,2,1,0,0
10.02129639828382,101.05573641536287,0,2,1,0,1
38.07927146389111,44.01427320325696,1,2,2,1,1
55.66954227000137,40.91084531461163,1,1,3,0,0
16.323292952275864,34.933944831768024,1,0,3,1,0
45.22522378314902,85.46087370664549,2,0,1,1,0
7.059670014557527,92.11519401625561,1,1,1,1,1
4.669402202971146,28.000683758435994,0,2,0,0,1
38.72617884133851,113.94016339315053,2,1,0,1,0
39.38509363431756,29.93727194688988,1,2,1,0,0
46.257523006372665,76.4231518536017,2,1,0,0,0
52.55248469430897,92.36074934783706,2,0,0,0,0
70.28549764183995,107.74206675587813,1,0,1,0,0
37.65732472938487,92.83825855258064,2,0,1,0,0
23.929909578828465,101.16416789163023,0,2,3,1,0
57.45821982857796,57.24776829156657,0,2,1,1,1
20.22908983960727,102.40838580591866,2,1,1,0,1
32.166970870100165,32.610910406544136,1,1,2,1,1
6.570403075300883,110.00758232575012,2,0,3,0,1
2.799902782497483,77.02127573460494,0,2,3,1,1
69.34803744213268,102.6432881464369,2,1,3,1,1
60.354588556366615,67.97023702923852,2,2,2,1,1
50.414168632652554,86.13988104366987,0,2,1,1,1
30.035659053413163,75.00825278893075,2,0,3,1,0
13.30389672503005,94.50100456675654,2,0,3,0,0
12.10703002964711,32.75484829290601,1,2,0,0,1
18.76724576968627,30.73344797910356,1,2,3,1,1
39.995093194134554,48.47480723096391,0,2,1,0,1
51.736310511704424,40.156744610752895,0,2,1,1,0
47.87401374695892,107.81943882625916,0,0,0,0,0
20.87530668316194,45.82532879901421,1,1,3,1,0
68.79543492708677,117.70719930281747,0,0,3,1,1
53.390681085399564,57.00510021825515,0,1,3,1,1
40.35913772830945,42.301201990426435,0,2,2,0,0
44.43217298263901,100.02135817853552,1,1,3,0,0
30.791604432373084,87.57723867258323,2,0,1,1,0
18.588900254582178,72.3285930630482,0,0,1,1,1
26.274060184239573,77.75953733907497,2,2,2,0,0
54.807073842970205,93.32416893586506,0,0,2,0,1
2.0219376927126667,46.70320042647338,2,2,3,0,1
9.241157475991052,119.65172202539048,1,0,0,0,0
4.266187583544445,117.6053504039444,1,0,2,0,0
3.89174496464688,86.780940202959,0,2,2,1,0
61.737701464781516,43.956532838268785,2,1,3,0,1
50.95970801598168,89.62168303097268,1,0,3,1,0
34.66634186520009,31.858848853021705,0,1,2,1,1
7.946225406221105,27.911987709551575,0,0,0,0,1
35.9047271332951,49.4798744085653,1,0,2,0,1
34.616495725420165,68.94918089023506,1,0,3,1,0
13.297332763611077,107.48588801379616,0,0,3,0,1
31.803467095896085,94.08106162779926,2,1,2,1,0
29.293836142213515,95.5571195139982,2,1,0,0,0
44.72535696170737,65.42186677256716,2,0,2,0,0
46.09164921160271,57.86382429196148,0,0,2,0,1
4.216584693815161,60.24868248353726,1,1,3,1,1
27.597495638479458,118.82670855492549,0,2,0,0,1
45.43605401571078,28.810373184185835,1,2,1,1,1
36.72267435918623,107.36799213163262,2,1,0,0,0
61.810778724370884,79.97416381437738,2,0,2,1,1
47.767247844945096,66.66846482301109,1,0,2,0,1
12.568344322781508,93.89947773943797,1,2,2,1,1
6.0103810654305185,71.23354943534677,0,2,0,1,1
46.61176875264841,107.97520761775775,2,1,3,1,1
2.8823030484551486,110.56667708106956,0,2,2,1,1
42.590066270415896,65.06348805297827,0,1,2,1,0
67.75634714117199,51.298640737329904,0,2,0,1,0
41.858666629187404,81.27328121636941,2,2,1,0,0
28.560064760663057,111.67451783358564,0,2,1,1,1
46.67346350940708,45.012907955538324,0,0,3,1,1
33.535955224897684,84.18182543853086,0,0,3,1,1
39.73879204143138,84.99822090878945,0,0,2,0,1
67.84400142313329,94.64573712945169,0,2,0,0,1
28.41328728385497,37.49893008708968,0,1,2,0,1
69.2445300314979,93.0033716447984,2,1,3,1,0
65.27989557888053,111.3580894632359,0,1,0,0,1
14.901170570040048,42.069895342672986,1,1,0,0,0
5.924652362136747,47.56661586776838,0,0,3,1,1
8.155238097797293,117.28253393395576,0,0,1,1,1
2.2937496212600306,42.19281050740153,2,2,1,0,1
7.705450213670916,106.16658387011002,2,2,0,1,1
49.49348091256134,71.76639636256331,1,1,2,1,1
6.054394040676258,48.48695206830182,1,0,1,1,1
23.647269750857053,107.72124062088858,2,1,2,1,0
60.98614707883127,67.30399922525322,2,2,1,0,0
2.6523074372436364,73.90764862332057,0,2,1,1,1
58.82726226381444,59.12717009297774,2,1,2,0,1
21.011689008911397,81.33033088631811,1,2,3,0,1
9.389702761137594,40.53476789557716,0,1,1,0,1
50.4683387408547,62.15274598191727,1,0,1,0,0
45.65494212137176,117.09417062185231,0,1,2,1,1
63.30051296042076,49.522676106607115,2,0,3,1,0
53.19004411007589,87.38998313142275,1,0,1,1,1
58.04714605732425,55.89305610134601,0,2,1,0,1
21.02445465256276,98.47994694022707,0,2,3,0,0
13.59820760836032,37.43299776824323,2,2,1,0,0
54.29364736650094,117.13299928246175,2,1,3,1,1
58.28526648797575,68.11000643144573,2,1,3,0,0
71.3258650820478,47.424794017914074,1,2,2,1,0
30.29585506071128,31.982190996351203,0,1,0,1,1
27.413284091287604,41.12700098331637,2,2,3,1,0
56.12532021268178,74.37852511282168,1,1,2,1,0
25.197051357964266,57.0153017609722,1,0,0,0,1
67.08377011785309,103.7439197588479,1,0,1,1,0
61.94730538085384,65.93431474787155,2,2,0,0,0
31.458575943626304,48.62785589582484,2,1,3,1,0
54.311845813196314,83.62877372738285,0,1,3,0,1
54.57254406001245,92.14383560411736,0,0,3,0,0
8.321794687351215,40.86898125059024,2,0,3,1,0
65.08125637424924,40.92382554739018,1,2,3,1,1
36.87291844379786,28.483785558686584,1,0,2,1,1
59.678480093649654,94.95819143123585,1,2,3,0,1
23.723521673173433,88.06143012407148,0,0,2,1,1
64.58214922323023,70.08993319623232,1,0,1,1,1
28.63331919012558,105.19619265207373,0,1,3,0,1
1.7694732551011836,101.53866453025505,0,0,3,1,1
65.28212032576772,80.60866461769146,1,0,0,0,0
7.481354051815483,107.48577164875957,1,2,1,1,0
23.671268268919455,44.55491495349298,2,0,3,0,1
68.45439966060715,35.632363842784144,2,2,3,0,0
68.49310743256649,50.626213094114014,1,0,1,1,1
41.714090056753314,30.42325132848491,0,0,2,0,0
45.860442064055746,75.46110516009804,0,2,3,1,1
32.8396320604607,113.97754076802134,0,1,0,1,1
21.81796479056258,28.737636363508415,0,2,3,0,0
24.335182721264033,36.60044183095255,0,2,0,1,1
48.74881038146973,67.95890768692635,2,2,0,0,1
54.41859159007528,113.71812666515096,1,1,3,0,0
57.202112104535246,55.0348299727913,2,0,3,0,0
57.06288813841333,73.18730682539729,0,2,0,0,0
7.475633316457016,28.94942160978725,0,2,1,0,1
36.103841633883285,39.09260409139844,0,1,1,0,0
5.086671961181744,118.72986168109045,0,2,3,0,0
40.01655064498522,116.68627616142433,1,0,2,0,1
32.348665597509765,25.469298188768914,0,1,1,1,1
64.02699697583928,115.4221196152077,1,0,3,1,0
25.914965891197586,85.71639409247254,0,0,1,0,1
9.311758166360017,107.4522379794021,1,1,2,1,1
11.152409425751346,68.2002862852166,2,2,3,1,0
55.06725485194053,73.98162271502878,0,0,2,1,1
44.893482495454535,71.44042512440743,1,0,3,1,0
8.179710004718107,88.35210446687992,2,0,2,1,1
6.971583234164818,38.26686920184973,0,0,1,1,1
50.76880833359752,27.847491037904405,0,1,1,0,0
6.16617345185774,54.25334445116314,0,1,2,1,1
59.35206420961529,91.94467245998143,1,0,2,1,1
51.14319812811123,44.1760779516801,1,2,2,1,0
6.775763425574883,88.97608116586714,2,0,3,1,1
7.023477700048626,117.1416443801907,1,2,1,0,0
71.05141007358345,33.920567999994745,1,0,3,0,0
27.573226498684544,88.89720123138699,0,2,1,0,0
27.315592441749256,67.15627083393426,0,0,0,0,1
58.708769275282684,107.47351416586301,0,2,3,1,1
68.25464899425397,41.829229997501656,0,0,1,0,0
71.00607553142383,90.79946546148562,0,0,1,0,1
54.489851153384855,104.62095251657047,0,2,3,0,0
27.71443057269502,114.7383508500322,0,1,3,0,0
6.928550885605482,89.90856268751635,2,2,1,1,1
56.17743103084801,72.2316025808006,2,1,3,0,0
40.64670173124216,83.69548781911531,2,0,2,1,0
31.119762656535315,107.54597352547823,2,2,3,0,0
65.35116134172625,79.20792593068882,0,2,3,1,1
8.895021243736746,27.8867706711995,2,2,3,1,1
35.976382404651,113.44012607316289,0,1,1,0,1
1.8061087784867538,90.50504134799831,2,1,2,0,1
34.27490558158296,89.26877164883842,1,0,0,0,1
4.997532573410452,45.48913947778313,2,1,0,0,0
9.436072055033106,87.59411967210244,2,1,2,1,0
9.344363521174447,62.41711853714506,0,0,2,1,1
47.09393145024051,86.86713281894174,2,2,2,0,1
53.96918642784505,35.12633787925912,1,2,1,0,0
42.41918232189833,87.49530393728843,0,0,0,1,0
69.31425094169248,119.94430394821332,0,2,2,0,0
27.61581114618299,29.580143691752824,2,1,1,1,0
21.285558126012113,117.83154750102514,0,0,0,0,0
62.67053810145168,63.656256268672706,0,0,3,1,0
16.87530453488114,107.72157778203962,0,0,1,1,0
69.3888003002834,99.32662098553598,0,2,0,1,0
1.8629677029769602,78.86654479373344,0,0,1,1,1
69.86139669624237,95.15267487887601,0,0,0,1,1
4.064353748490904,108.45897832362805,1,0,0,0,1
64.27116107256305,63.393330556848134,2,2,3,1,1
38.46677874512729,56.06815034850767,1,1,1,0,0
71.50050052447033,88.42137162854056,0,0,2,1,0
6.239556096213319,101.74536448441957,0,1,3,1,1
40.32365419249378,97.4170878037785,2,2,3,0,0
69.82048002895603,100.79229664157027,1,2,0,0,0
38.13994693608056,66.38041490722864,2,2,2,0,1
45.68730330760364,102.69425053662705,1,2,1,0,0
50.39815691790782,36.4198602602078,0,1,2,1,1
33.2724155985119,76.7264643062807,2,0,2,0,0
45.5566236859685,25.54707274732155,2,2,2,1,0
42.48631614654012,55.83565384052568,0,2,2,0,1
64.98221874486022,59.8138458127828,2,1,2,0,1
4.226693004243509,62.63640570287926,1,1,0,1,1
20.948386461048354,91.0693846355369,1,2,0,1,0
68.47921536943566,61.913019620682846,1,0,3,0,1
64.20872865625506,67.62589414914041,1,0,0,1,1
33.35162944778562,47.56669243306111,0,2,3,1,1
45.02941444390911,60.458920204787304,2,1,3,1,0
20.69406399166042,46.59061458999939,1,2,1,1,1
14.356602340387052,31.953612758002144,0,2,2,1,0
33.92258675073873,82.3276163712309,2,1,0,1,1
26.08800818984975,88.48021586272654,2,2,1,1,0
42.43958394141192,83.85158287091338,0,2,0,1,1
6.519159224513923,69.03193416105438,0,2,3,0,1
70.18203134429783,61.07964911702683,1,1,0,1,0
71.0209628580518,107.0166967093234,2,0,2,0,0
50.569481695401905,74.31276958794072,2,0,3,1,1
39.06284201043255,70.52227837482445,0,1,3,1,1
22.97646075632927,27.43599625161139,2,0,1,1,0
58.779446399193354,57.418543624484855,1,2,2,1,1
49.61591325132543,61.11858378465642,2,0,3,0,0
12.545802693487282,62.88816418520555,0,2,2,0,1
65.67583009906282,80.11637507659657,0,0,0,1,0
59.400144247545,75.69224193905345,1,1,2,0,0
68.4357938437266,82.75098381537724,1,0,3,1,0
52.526085095573556,97.66390984650218,2,0,1,1,1
44.55247891144108,102.23364517802888,2,0,3,0,0
30.69525557663394,93.22169224151696,0,1,2,0,1
67.22372231813495,115.7747511157188,1,0,2,1,1
62.490536154528996,26.732095354254355,1,1,3,1,1
4.210525577539448,43.59890863993688,1,2,2,0,0
2.8720551893048922,25.718473122923502,2,0,0,1,0
27.72889904834152,86.5100978446873,1,1,3,0,0
58.54928648551014,110.31290215024876,0,1,1,1,0
71.09660518136106,48.13081817474843,0,0,3,1,1
11.6795992683505,113.06828175564914,2,2,0,0,0
43.1832807900016,30.72540207750828,2,1,0,0,0
28.043250820802527,113.77142254652385,1,0,0,0,0
69.86392224483683,58.40415528776527,2,2,0,1,0
60.790443542635316,34.63497870267557,0,1,0,1,1
60.52133803449079,71.15781712270093,1,1,1,1,1
34.27721434544289,49.39377393344826,0,2,2,1,1
30.45218466597423,52.06292568638267,1,2,0,0,1
20.41190210708014,54.19254666799722,2,0,0,1,0
5.002660262215825,101.28746029410303,1,0,3,1,1
62.39528871410878,76.22032128414918,1,1,1,1,1
58.71597164823551,54.57423141982035,0,2,1,0,0
71.97995480331527,82.98170941453725,0,2,2,1,0
71.76121543224728,93.03431405120338,1,2,1,1,1
40.43565109778655,50.89928006968571,2,1,3,0,1
55.598106477816245,64.28716464490839,2,2,3,1,0
68.0783668216524,36.579178867010015,0,2,2,1,1
61.32496473809621,42.20918820579463,2,1,3,0,1
18.561715223767035,89.70619612667336,0,0,0,1,0
32.98863360701664,42.23664303108456,2,0,0,1,1
10.170318475756144,74.89052144837072,1,1,3,1,0
68.73762293536929,92.35939486363111,0,2,2,0,1
44.038399046012486,35.15330769400067,0,1,1,1,1
17.233639190745855,78.89466086474584,1,0,2,1,0
48.69074859281583,49.37346445162956,0,0,1,0,0
44.88710507251061,116.47805314757008,2,1,3,0,0
26.429552980331675,70.93683643839285,2,1,3,1,0
9.06258904617366,101.56929222864002,0,0,0,1,0
48.68169688708877,77.27152150484487,2,1,1,1,0
37.94184676416933,29.12419062120782,0,0,2,1,1
55.83460581323039,85.14938068143212,1,1,3,0,1
37.93160857895153,115.38331750963242,0,1,2,1,0
61.504886522616346,82.15312291390146,1,1,0,0,0
40.18538555298847,102.82294164554507,2,0,1,0,0
40.826595979012424,108.99961401809874,1,1,1,1,0
63.242405788742495,46.66757833514858,2,0,3,1,0
29.64728350108019,45.14425979128153,0,0,1,0,1
10.515081219995492,83.04319394084422,2,1,3,0,1
3.043570018247067,64.04770463163695,0,1,0,1,1
54.61474515282695,104.78682377233844,0,0,1,0,1
45.04197814609599,110.50219672281106,1,0,3,1,0
50.989663535044876,58.57503103375822,1,2,2,1,0
16.12045546713266,47.50270310257579,1,0,3,0,1
10.682374766660653,99.14992394816687,1,2,1,0,0
2.032671262419617,51.106573377072934,2,2,0,1,1
25.891716675268384,103.14836025879944,2,2,1,0,0
42.88415576667895,65.25513409663247,2,1,1,1,0
28.849327202080996,88.4172404326897,0,1,3,1,1
32.06071946368476,34.07585481429348,2,0,2,1,0
65.19526730905613,84.26663584427445,2,2,1,0,0
25.726138158654326,67.91792948003678,2,1,2,1,0
37.49325373034657,80.72780400167004,1,1,3,1,1
56.639363904621156,40.96134973576203,2,1,2,1,0
29.154537544810182,95.0030057696973,0,1,3,1,1
45.168155716179015,106.96572236660671,1,1,0,1,1
62.22782332101891,45.59028100862369,0,2,2,1,1
68.41596427969259,34.092882774415365,2,2,2,1,0
11.442217145961694,27.24566567440196,1,2,0,1,1
66.7877213864661,85.98729254211027,0,2,2,1,1
35.94025680864721,82.67393342843417,2,0,0,1,1
19.33535156922604,76.93625420783665,0,2,1,1,1
33.59863869291655,47.03497413101766,0,1,3,0,1
70.58231284526887,62.13606961102389,0,2,0,1,1
35.975884673493745,81.47525184268645,2,0,2,1,0
24.341364330413082,72.19285159162109,2,1,0,1,1
45.97146065648753,118.8396244204143,0,2,2,0,0
18.05033893325171,37.96177649288965,1,2,1,1,0
6.386296295715138,91.03873263452141,1,2,0,0,0
10.150460255656094,63.410282969907755,2,1,1,1,1
10.091254566001844,65.6789634179334,2,1,3,1,0
11.7850912393729,93.17178773752674,2,0,2,0,1
10.85672925810812,90.78143437581511,2,1,2,1,1
46.50210688102824,119.1693194017079,2,1,1,0,0
13.913485992339282,37.1974574981419,1,2,3,0,0
25.542377115994288,34.8904166914958,2,1,0,1,0
64.67197710332684,93.81218762723041,0,2,0,1,1
34.651276458663936,79.94675711560886,0,2,2,1,1
48.39659943499293,51.04526332318156,1,1,1,1,0
13.234710855315718,32.54484005395373,0,0,1,0,1
14.652520335415625,33.1375337116609,1,0,0,0,1
3.9016717549199993,109.94813309309124,1,1,3,1,1
12.994389478123683,43.22739584828058,0,0,3,0,1
20.77991407126906,55.72029840097447,2,2,0,0,1
13.567744383649025,46.53235821156386,0,2,0,1,1
7.297879896750948,58.724649054034046,0,1,1,0,1
9.565146848142657,31.59526506087887,1,0,3,0,0
33.71529253032353,74.31068013628568,0,0,0,1,1
15.649694006811268,31.423193541260417,1,2,0,0,1
26.86316013441336,101.03386824312435,2,1,2,1,0
36.74262623069484,47.20264778149114,2,0,0,0,0
50.01803283268494,76.30113188742851,2,1,0,1,0
3.7911619287180245,108.60751331833853,0,0,3,0,1
57.758138322542024,86.83335005948345,1,2,1,0,1
45.58092765385445,75.63098972237685,2,2,3,1,1
6.804891268369905,55.81170654596068,1,1,1,1,0
63.02408231158118,56.63518174052881,1,2,2,1,1
66.38194043775874,88.60126074382806,2,0,0,1,1
5.336535149695326,119.44323931601092,2,2,2,0,0
20.658313018451466,87.87472303569098,1,1,1,0,0
58.24029086530736,77.98942465015236,2,1,3,0,0
54.12643801723974,94.41179847272838,1,1,3,1,0
14.10099237430279,69.19453316695322,1,0,2,0,1
15.863801956906432,30.713522547074597,2,0,1,0,0
27.30351929818812,78.41819750840143,0,0,2,1,1
35.401131948562515,115.97440202801111,2,0,2,1,0
44.89608877865101,41.65377952397766,0,0,0,0,1
27.19286840945384,90.55046462796325,1,2,2,1,0
33.8399648454535,44.088700422610366,1,0,0,0,0
54.07043660749672,75.90363002494271,0,0,0,0,1
3.604507405232451,34.18426271643836,1,2,3,1,1
18.923023048425474,67.78523894452759,0,0,0,0,1
51.647820597803225,96.83551624504838,0,1,0,1,1
64.55968547579116,58.0192948027033,1,0,3,1,0
37.329098390212295,88.16661382628571,0,0,2,0,1
38.780057453837415,100.56774627502428,2,1,1,0,0
8.6092128051241,113.081892850548,2,1,1,0,1
32.76627804446528,47.290997776268085,1,1,1,1,0
38.81582591830664,62.935012001884274,1,1,2,0,0
18.215405758065806,39.47952126638965,0,0,0,1,1
20.116269397406047,119.28593270504565,0,1,1,1,1
27.787175580428208,113.06509195280806,0,1,2,0,0
2.425055042218572,76.29592737665317,0,2,0,1,1
23.867620756405657,104.99316296576002,2,1,3,0,0
16.01280849675467,74.491007840844,2,1,1,0,1
24.25231200463194,84.24064036026218,1,2,0,0,0
9.503111359166837,33.46682105102158,0,2,1,0,1
64.22743693253254,96.75068994719675,0,0,1,0,0
43.14506420233745,37.13278094534731,1,2,1,0,1
49.21626465925876,103.4764248739902,0,0,0,0,1
57.031157941121016,99.29266832868666,0,2,2,1,1
36.38939612396307,92.33074628558276,0,2,0,0,1
7.171340454207082,28.4352361498524,0,0,1,1,1
39.134564469116896,53.79719381480622,0,2,0,1,1
42.66571937948242,49.99569414153007,1,0,3,1,0
53.92620266708743,59.212958709794314,0,2,2,0,1
31.647827782307235,33.32606094256466,1,1,0,1,0
10.058201498485026,114.01099318795096,0,2,3,1,1
21.148089311709438,77.61121286767575,2,0,2,0,1
26.77884304430309,54.024809512512235,2,2,3,0,1
46.86012413454369,62.71324412205693,2,0,2,1,0
41.525259631492744,67.4842413479594,2,0,0,0,1
26.282867538747084,82.05646166925865,1,1,3,0,1
71.04258266430156,73.98954563116729,1,1,1,0,0
44.01001217433899,112.34223745536964,0,0,3,0,1
17.84310221325561,72.21153087605387,2,2,2,1,1
8.226555556048666,119.2550114082147,1,0,0,0,1
11.852998882087574,105.88537098578409,0,0,2,0,1
18.462998715300078,44.8084988639469,0,2,3,0,1
12.408377501428452,113.40654539117205,1,2,3,1,0
14.24625870764271,36.054807799120226,2,2,1,1,1
21.241756977263144,102.6577223066632,0,2,0,0,0
13.309525265927592,61.159212880275106,2,0,0,0,0
64.67034514847619,108.4075604422816,2,0,3,1,0
6.696595941976597,107.46538556020778,2,1,0,0,0
38.24030865948808,101.562913011174,0,0,1,0,1
30.13817471626597,100.05289144917083,2,2,2,1,0
70.74888180051106,53.944518214313874,0,1,0,0,0
8.954762053931717,32.68733188986896,2,2,3,0,1
29.247747532247658,63.28311698269034,0,0,2,1,1
69.83240076255119,41.484828923718325,2,1,2,1,1
62.4510059384726,91.02035344573386,1,2,1,0,0
59.01211703739887,57.87947402108963,2,1,3,1,1
19.311100720190726,117.68296908169192,2,1,0,0,1
13.133018704694674,85.89234734780655,0,0,3,0,0
48.4736686146346,103.13565354526429,0,2,2,0,1
66.98569522805859,37.5898439104756,2,1,3,1,0
40.53016540398902,106.89137581589914,1,1,0,1,0
41.58450095236289,112.66193309877247,1,2,0,0,0
20.878515649880175,71.27088228779891,0,1,1,0,0
55.63399825662752,82.59402908634286,1,1,0,1,1
14.28010614758416,97.65693108578456,2,1,0,1,1
23.9812257847013,41.60966958973919,0,2,3,1,0
31.20598714176559,72.74377726402703,2,2,3,0,1
37.04033688659631,62.87298763836974,0,2,2,1,1
18.211091001470695,38.90552925541367,0,2,1,1,1
9.153414556483451,59.91577011769549,0,0,3,0,1
44.35402301335591,31.476369391621887,0,1,0,0,1
21.49276928005816,27.45213116020126,1,2,2,0,0
42.26791372100547,37.840797469708164,2,1,3,1,0
11.959752784468364,116.49593560097152,2,1,1,0,0
35.16094723169204,77.20530591002661,2,0,1,0,0
38.8138497111626,116.75310530955589,0,2,2,0,0
4.67947111439231,66.08729844136253,1,2,2,0,0
24.898903751768362,54.62253264309966,2,1,2,1,0
10.543442062667172,73.08347696982318,1,2,2,0,1
5.49962290356651,66.75361042012646,0,1,2,1,1
71.28717649968611,35.03814500486567,2,1,0,1,1
23.88712299320533,85.87849989556959,1,0,0,1,1
58.50108565567908,45.52362733841196,0,0,3,0,0
19.079486488227232,83.86085571529381,1,0,1,1,0
49.38669327789898,86.76910377782457,2,1,0,0,0
54.97617805216775,39.44236104722157,2,2,0,0,0
43.29035058315694,30.828214575513474,0,0,0,0,0
34.48190938706124,99.17235067650178,0,2,3,1,1
30.240704904456067,68.68104025808542,0,0,2,0,1
25.769646924552667,30.5255605730202,1,0,3,0,0
66.99656924159564,119.51230013112787,1,1,1,0,0
59.97397795292877,30.48915329465483,1,0,1,1,0
69.5169106573224,91.02834674156256,0,0,1,1,1
9.825102867473676,118.4494979000243,2,1,1,1,1
52.89159073945874,47.72210990051293,2,2,0,0,0
67.62217243429369,38.51369002528364,1,0,0,1,1
13.867547697761871,36.53156924513075,1,1,3,0,1
5.721234983041202,53.81113901892158,2,0,2,0,1
53.619566099594195,34.59935204601143,2,1,1,1,1
41.787591035773744,90.75532746094252,1,2,3,0,0
60.769843149837314,30.917720822355957,1,2,0,1,0
10.923838740466554,73.39510217423003,2,1,0,0,0
57.4639791420522,119.68620111603279,0,1,2,1,0
15.315539723389861,102.32717560307178,1,1,2,0,1
12.61957194346502,83.44584663194604,2,2,2,0,0
12.662871653100499,54.09409397472811,2,0,3,0,0
58.83480513642813,84.27010444770565,2,2,0,0,1
48.22900266943021,75.0689390716069,2,1,0,0,0
38.13764515860747,65.47792146958528,0,1,2,1,1
26.476964372768677,37.41748579031895,2,2,1,0,1
63.28123839773069,109.22740044784435,1,1,2,1,1
28.86360262700711,67.72954163802564,0,2,3,1,0
58.97856020248197,43.48913862297268,2,1,2,1,0
32.17857850848551,59.93713833334251,0,0,2,0,0
27.76305448916844,64.34232649024807,1,0,3,0,0
33.850264782542055,103.61610007885305,2,1,2,0,0
22.397829065654086,94.6933661533332,1,2,0,1,0
54.08026599251383,98.08396489592728,2,0,1,0,0
36.69314769656602,26.047970120721484,2,2,2,0,0
17.487101355424027,64.53462982707734,2,1,3,1,1
64.86979470249436,70.72769440535575,2,2,1,1,0
28.25627671749801,26.823266298190386,2,0,3,1,0
39.59225313909319,49.68225483077825,0,2,1,1,1
65.35951987848283,97.22753319660282,2,2,1,1,0
45.32089770989344,38.02542204425491,2,1,2,1,0
9.299760890293848,75.85446248799622,0,1,0,0,1
67.72808077655674,45.44417784163756,0,1,2,1,0
45.56727176807067,26.15147359116986,0,0,3,0,1
24.778298640653116,47.91413847195644,0,0,3,0,0
10.888317159100495,117.70800671645512,0,1,1,0,1
57.375788438191016,101.14602562888402,0,1,1,1,1
45.02516567092446,116.15978121049817,2,0,0,0,1
38.87573753031883,71.34613417300443,2,0,2,1,0
64.466373396618,35.42493887436284,1,0,3,1,1
56.990401996941685,77.05615145250083,2,0,1,0,0
11.768916461025334,68.16584678319629,2,1,0,1,0
23.132266813483923,105.21392286026352,0,0,3,0,1
18.64272892682707,34.31784517450323,0,1,1,0,1
53.820186772660065,71.38290801706893,2,2,3,1,0
3.380802866240336,39.254623145928505,1,2,0,0,0
41.46216762586347,55.844213054555695,0,0,0,0,1
55.13456668758903,95.04892235184097,2,2,3,0,1
63.25036021008421,70.22172229003283,2,2,2,1,0
25.28780415882943,60.70938708884809,1,2,3,0,0
59.30926863171291,62.47524646415336,1,0,1,1,0
8.854853323819713,68.64744299856872,0,0,2,1,1
61.09811271315079,99.5765716645204,1,2,1,0,1
10.051695025570751,109.74804544932226,2,1,3,0,1
29.207397629786076,115.75679521787319,2,2,2,1,0
57.607970970348305,99.75582169425303,1,0,1,1,0
11.644137341762939,54.96365509606121,1,0,3,0,1
17.276849061517545,90.37279707822151,1,0,3,0,1
52.279932355907704,66.57229678526224,1,2,2,1,0
52.12259409477128,49.19370909437486,0,1,3,1,1
46.521481934856105,104.88280004546264,1,0,0,1,1
50.2703395571641,28.650503151420875,0,0,1,1,0
39.533435477679326,110.66738925286523,2,2,1,1,0
18.877733182393644,68.84035913934974,1,1,3,0,0
25.54441553877828,85.53414029678663,0,2,3,1,1
13.893437892901222,87.63862260954936,1,0,0,1,0
65.49998985468761,110.03618536712095,2,1,2,0,1
42.42081742839455,85.4836198058847,2,1,3,0,0
29.460450590218432,83.32369055220587,2,0,3,1,0
33.802412058733424,31.331943853265546,1,1,3,1,0
68.25711711243889,74.24876208479438,1,1,3,0,0
11.887949621241694,39.26605507761896,0,2,1,1,1
42.6223180731926,95.05620802854114,2,0,3,1,0
36.91809620079709,73.66108247720408,1,0,1,0,0
44.413250715859995,89.62163902479357,2,0,3,1,0
2.285823051279676,28.958925557226504,2,0,2,0,1
62.92079753503476,33.0552415243513,0,0,0,0,1
67.18039805633649,93.05072186595481,0,1,2,0,1
41.124456034833834,31.84801191987397,0,2,3,0,1
50.46220849525935,31.769389137699566,0,0,3,1,1
66.49745606358799,26.150305147314306,2,2,3,0,0
51.2139430362513,115.8676328384506,0,2,2,1,1
11.830272046912556,95.06329414860566,0,1,3,1,1
41.91647357184374,58.5588838076961,0,0,2,1,0
44.07676829318277,53.17088022232724,0,1,1,1,0
31.113277662469407,58.22180682585571,2,0,0,1,1
53.28754072935532,98.59208546221228,0,1,0,0,1
67.34005804860006,87.83020805168937,2,2,2,0,1
66.71536441638112,42.593578947409455,1,0,1,0,1
33.00959536969338,41.54038685673801,2,2,2,0,0
9.039901254693623,34.347586722772746,2,2,1,1,1
70.92372512632575,87.72875837162712,0,1,3,0,0
60.56176413766132,97.61540291106492,1,0,1,1,0
9.851050365431947,50.179410690875386,1,2,1,1,1
66.37977366583344,26.989771297936716,1,1,1,0,1
62.76264170641111,32.8063084102606,1,0,0,0,1
37.83750205595112,116.9467033102779,2,0,1,0,0
42.980555937889974,53.067253860354924,1,2,3,0,0
29.32919197477925,98.0761990446227,2,0,3,1,0
4.888076356364225,84.34303904115507,2,2,3,1,0
24.799004156858967,61.28426576702511,2,0,1,0,0
58.00259485045881,44.54028990857773,1,1,2,1,0
1.328873633326803,36.531709725143614,0,2,2,1,1
24.678441190071236,83.42623196369233,0,2,3,1,1
29.269977244956976,98.59020916058986,1,0,0,0,0
39.155087808592526,86.1709040864074,0,0,2,1,1
66.309748765306,75.37870265867004,0,2,1,0,1
25.59056559998325,28.985366226005446,2,0,2,0,1
25.633677334632168,117.00643387146646,2,1,3,1,0
53.362588615792134,100.87784820718458,1,0,0,1,0
33.107473803176305,52.81809348659165,1,1,2,0,0
16.94694242873872,118.09718128909081,0,1,2,1,0
33.12320564542123,82.1787510154506,2,1,3,1,1
11.00084844696579,80.3301525296884,1,1,0,0,0
13.523476041941855,96.06695204580555,1,1,0,0,0
36.38411186450306,102.11812986856307,1,0,3,0,0
30.7437069148229,87.36546769649274,1,1,1,0,0
65.9540589758351,37.169095904789,1,0,2,1,1
26.72996683728095,57.135413069477345,1,1,1,1,0
42.22177286974109,113.16794583097473,0,2,2,0,0
45.89076444228666,46.338483125165936,2,1,2,0,0
1.9297064177716883,60.35586726456376,2,2,1,0,0
48.11115341318645,66.04730387969862,1,1,3,1,1
13.640553647752352,66.74347402097297,2,1,3,0,1
69.23599254033131,83.22926033697993,2,1,2,1,0
11.55505367047102,114.59220458574723,2,2,3,0,1
30.438312784618685,47.86580762408797,1,2,2,0,0
7.059826433583714,36.542630748587214,1,1,3,0,1
71.77807188106226,43.759696536694044,2,0,2,1,0
36.65584573351823,109.2578655198806,2,1,3,1,0
43.27233622972311,86.35202720224457,1,2,0,1,0
5.762429894578351,52.16114497772021,0,1,1,0,1
54.24719339834162,102.51495920201864,2,2,0,1,0
15.903297109786589,106.83014965452642,0,2,1,1,1
64.76185455029068,105.41886217557641,2,2,1,0,1
15.564914474222508,112.29802069575767,0,1,2,0,1
14.538828167120327,48.96289691646935,0,2,1,1,1
3.5950264172147364,96.72898323089643,0,2,0,1,1
34.51675310280994,68.7512522410433,1,1,0,1,1
41.103720461645764,104.98986252455585,0,2,3,1,1
5.665313399413018,94.20661433035325,0,1,0,0,1
56.06246078534575,98.76250741747384,0,2,3,0,0
33.18350726710996,87.33537457970179,2,0,1,0,0
38.23170912225818,41.85573309962216,0,0,0,1,1
32.2941550326142,76.77755729520914,2,2,1,1,1
29.454177322148144,118.54362525482829,0,0,0,0,0
40.73446352288347,114.0518663172263,0,1,0,0,1
12.022057461080587,29.101504900716108,1,0,3,1,0
13.91689726516425,40.65740749429653,2,2,1,1,0
62.18677909195973,37.514233478183385,0,2,0,0,1
68.17419781148793,93.96809144860308,2,1,2,0,0
27.50496145586246,102.68960633640978,2,2,1,0,0
20.22287179319232,45.28357979951383,1,1,1,1,1
46.72396756997012,73.05600583042376,1,0,1,1,1
30.020126147964845,104.866787661064,1,0,3,1,0
2.802431251884485,94.61614675279381,1,1,2,1,1
12.086834412999515,76.51253452172558,1,1,1,1,0
51.834028248165225,81.08303059358343,1,2,0,1,0
47.783599875620745,73.2942519570466,1,0,0,0,1
2.923815467747328,53.267102875287954,1,1,3,0,1
16.76002349723941,78.67708932160653,0,0,0,1,0
17.40631055775307,90.44410369475861,2,1,1,0,1
48.70438479550972,107.96567700677673,1,0,0,1,0
2.399448180559855,85.44767862802857,1,2,1,0,0
8.391709320904743,97.30654601910001,2,0,0,1,1
57.79404206149645,40.20680532068444,0,0,2,0,1
13.676671005857687,68.84796006988003,2,0,3,0,0
47.3449736574831,25.886503883573862,2,0,3,1,0
17.91097745431758,48.43449212955419,1,0,2,1,0
8.060338885913506,94.01386293573546,2,2,2,0,1
18.26522556096124,119.22194537818953,2,1,3,0,1
52.2809521617518,34.42191946078551,1,0,2,1,0
61.75444923554629,63.14196000682239,1,2,1,0,0
59.945610384256405,101.00674202642016,1,0,0,1,0
29.200030602910292,44.38338528974539,1,0,3,1,1
48.434044696515876,77.73307018371719,2,1,2,0,0
15.553884974523289,94.6417731228191,2,0,1,1,1
21.813488848531943,83.518617774717,0,2,3,0,0
64.63984311499951,42.86234978846453,0,2,2,0,1
1.9231365692622586,58.761534025145245,2,1,3,1,0
7.071105690667234,99.46021952611274,0,0,2,0,1
15.759924115367939,77.65151884254158,2,2,3,1,0
2.8837864750412,25.49681328657671,0,0,1,1,1
13.881915891375609,97.29412220266892,1,0,1,1,0
42.39595082884814,28.35457871932271,0,0,0,0,1
30.921143092067354,95.84470935946706,1,1,3,1,0
64.37969148646522,44.23565321569755,1,0,0,0,0
59.038492883429306,116.01698061134113,1,2,3,1,1
25.269031970549193,59.954371373698024,1,0,2,1,0
19.419063773621765,56.058503552117514,0,2,2,1,0
27.95816097987595,39.14436478158224,2,0,0,0,0
42.91094091855135,54.03240047157041,1,2,3,0,1
20.032518498424214,108.28182237367905,0,2,0,1,1
45.31457245728851,119.65176207458849,1,0,1,1,0
30.06822730557807,59.989405398150595,0,0,0,0,0
40.1953498404906,67.61800994068155,0,2,0,0,1
31.964983568607487,93.59673912926002,0,1,2,0,1
21.907068927476153,109.18859914418208,2,0,0,1,0
68.34018479431313,81.33921174774449,0,1,3,0,0
55.216011385343016,62.19494132689379,0,0,2,1,1
10.948035479418131,64.19907488061926,2,0,0,0,0
62.661226288751806,91.08372391719665,2,0,1,1,0
35.60761507571547,25.305735042406475,0,0,0,1,1
64.51320810948049,83.86098705868486,2,1,0,1,1
57.78972317225938,58.77183599192895,1,0,0,0,1
31.190158817315574,100.448746471323,1,2,2,0,1
2.595320890728335,33.83411078319756,2,2,3,0,0
20.076092516331173,80.8792153600971,2,1,1,1,0
39.45602924092155,70.69242453918176,0,0,0,1,1
45.976953607656455,86.02092496099661,2,2,3,0,0
19.31002566575736,31.161091475881992,0,1,3,1,0
10.894281259170514,80.09845980567246,1,0,2,1,0
60.280046812750236,78.34103585615475,2,2,1,1,0
70.8925548299522,78.26270896953625,0,2,2,0,1
38.3240029434907,82.3313283266632,0,1,3,1,1
13.189229295229548,89.26445403650442,1,0,3,0,1
20.333820182875197,101.47395496967313,2,0,3,0,0
2.305738034870138,50.63296841218036,1,2,2,0,1
65.91521526579542,103.3796939671059,0,2,1,0,1
9.36032688520002,72.33428981502809,0,2,0,0,1
41.932669761512,32.32053651776146,2,0,2,1,1
20.457920668791626,30.562338278178025,0,1,3,0,1
40.34663817862133,56.752640276125774,2,1,2,0,0
47.25084757298236,99.56521282558941,1,0,3,0,0
59.911668063211316,92.229688800387,2,1,0,1,1
15.655910295002828,99.91842164387862,2,2,0,1,1
1.780703834752114,74.1405603619529,0,1,1,1,1
10.718879734885316,66.81890480577161,0,1,3,1,1
64.90132357121547,39.007990037096974,2,1,1,0,0
63.04619550693858,56.1783115928846,0,2,1,0,1
43.41633025409189,66.23183978651815,0,0,0,1,0
43.63669709078939,33.41704081956364,0,2,2,1,1
48.21760389278414,45.95813550756507,2,0,2,1,0
13.45136078226492,81.83140293605518,0,0,1,1,1
65.92324816067214,94.88799585272304,2,0,0,0,0
30.73270726733719,119.84301358233022,0,1,3,1,1
28.20283550571432,113.64576647763798,1,1,2,1,0
37.843157075081464,86.0436939558432,0,0,1,1,1
4.3345836410289085,65.01856506293683,0,0,2,1,1
12.806119181681638,85.43684964728212,2,1,2,1,0
53.4003867662723,99.63690371762203,2,2,3,1,0
6.878705422683979,36.241938137721796,0,0,0,1,0
43.82379977211356,63.940964521147386,1,2,3,0,1
18.419786787373788,104.78121713538363,0,1,0,0,0
28.639988596980334,61.464130433639184,0,0,2,0,1
21.49725531071969,79.32786576658272,1,2,1,0,0
26.252762869011388,80.83808928190882,2,2,3,0,0
52.05225926808143,42.525244047695736,0,2,0,0,1
22.095641809245425,59.4123669569674,2,1,2,1,0
41.2147294610797,56.77857243048355,2,1,0,1,1
34.799578556136076,27.488687310546155,1,2,0,0,0
48.12065274074802,27.298217569678748,1,2,0,1,0
67.51491149205782,104.01121914919848,2,1,2,0,0
53.01261890192777,50.94172694741718,0,2,1,1,1
16.26076687994373,74.21748279268746,2,2,1,1,1
3.2140025893512116,53.378929490933444,0,1,1,1,1
19.62074714528758,114.36452828595735,0,2,0,1,0
43.250533079718096,49.63319209224851,1,2,2,1,1
4.651232757381775,65.81739721019883,0,2,0,1,1
36.24200355128778,107.90937379603717,0,1,1,0,1
43.37584227309913,104.98368884522182,2,2,1,0,1
24.73131624800422,42.679634695396345,1,1,2,1,1
55.734766465953356,101.2511144305925,0,1,0,0,1
8.568475972497797,68.5277542400998,0,0,3,1,1
6.3347825032424225,70.88204284810874,1,0,3,0,1
52.70140169045584,37.68059737951466,2,2,1,1,1
36.17988345064009,32.65714380692684,1,1,2,0,0
49.87657014636926,94.15423416250769,1,0,0,1,0
31.872741040865982,72.16380947375347,0,2,0,0,0
18.494544359976583,66.50081674844205,0,0,1,1,1
59.15626455486818,94.30328172197768,2,0,1,0,0
57.758527406797526,97.72372540415543,0,1,0,1,1
50.3234494306643,40.09627592858859,0,1,0,1,0
20.32230474332735,82.97138920037592,1,0,1,1,1
42.90637734770518,37.858637816380124,0,0,0,0,0
26.6291466827419,96.38063317275935,2,1,3,0,0
7.5023272061910244,87.41073984537826,1,2,1,0,0
66.12926385781924,115.8783890029285,2,1,0,1,0
10.71412279524626,31.55101155386001,1,0,1,0,1
68.46685212127697,30.42019850936916,0,2,2,1,0
32.666409880014854,51.80777209585401,1,0,1,0,0
